{
	"auprc": [
		0.025843841955065727,
		0.03531608730554581,
		0.029637351632118225,
		0.0306604765355587,
		0.03440818563103676
	],
	"auroc": [
		0.6017723679542542,
		0.612592339515686,
		0.6125178933143616,
		0.5983526706695557,
		0.6143082976341248
	],
	"f1": [
		0.051428571343421936,
		0.052898552268743515,
		0.05351409316062927,
		0.04973730444908142,
		0.0634920671582222
	],
	"mcc": [
		0.03785823658108711,
		0.04099064692854881,
		0.04856228455901146,
		0.03438926488161087,
		0.056107427924871445
	],
	"precision": [
		0.028458498418331146,
		0.02930549904704094,
		0.02935420721769333,
		0.027476780116558075,
		0.035219185054302216
	],
	"recall": [
		0.2666666805744171,
		0.27137547731399536,
		0.30241936445236206,
		0.2619926333427429,
		0.3219178020954132
	],
	"auprc_mean": 0.031173188611865042,
	"auprc_std": 0.003424979415705674,
	"auroc_mean": 0.6079087138175965,
	"auroc_std": 0.006528526013423727,
	"f1_mean": 0.05421411767601967,
	"f1_std": 0.004818759556093443,
	"mcc_mean": 0.04358157217502594,
	"mcc_std": 0.007818855868324674,
	"precision_mean": 0.02996283397078514,
	"precision_std": 0.002715703653208071,
	"recall_mean": 0.28487439155578614,
	"recall_std": 0.023312471435510206
}