{
	"auprc": [
		0.018233124166727066,
		0.017504088580608368,
		0.017637284472584724,
		0.017548898234963417,
		0.01664714887738228
	],
	"auroc": [
		0.5863397121429443,
		0.5789519548416138,
		0.5710986852645874,
		0.5703844428062439,
		0.578484833240509
	],
	"f1": [
		0.03666210547089577,
		0.035114746540784836,
		0.03584514930844307,
		0.035711467266082764,
		0.03330274671316147
	],
	"mcc": [
		0.027483051642775536,
		0.024125730618834496,
		0.025242464616894722,
		0.02627883478999138,
		0.025051746517419815
	],
	"precision": [
		0.019632548093795776,
		0.018772542476654053,
		0.01917014643549919,
		0.01906607113778591,
		0.017723772674798965
	],
	"recall": [
		0.27651670575141907,
		0.2712351381778717,
		0.27539780735969543,
		0.2812758982181549,
		0.2752007246017456
	],
	"auprc_mean": 0.01751410886645317,
	"auprc_std": 0.0005069685514730456,
	"auroc_mean": 0.5770519256591797,
	"auroc_std": 0.005862127797800584,
	"f1_mean": 0.03532724305987358,
	"f1_std": 0.0011261840886622298,
	"mcc_mean": 0.02563636563718319,
	"mcc_std": 0.0011490841138227649,
	"precision_mean": 0.01887301616370678,
	"precision_std": 0.0006376991348345736,
	"recall_mean": 0.2759252548217773,
	"recall_std": 0.0032180596003122588
}