{
	"auprc": [
		0.029028497636318207,
		0.03273811191320419,
		0.03326726332306862,
		0.03207968547940254,
		0.028164826333522797
	],
	"auroc": [
		0.6465714573860168,
		0.6608756184577942,
		0.6658152341842651,
		0.6846821904182434,
		0.6640200018882751
	],
	"f1": [
		0.06168321892619133,
		0.07660050690174103,
		0.0670103058218956,
		0.07153075933456421,
		0.059465356171131134
	],
	"mcc": [
		0.0543801411986351,
		0.07371937483549118,
		0.058144163340330124,
		0.06934401392936707,
		0.05177946016192436
	],
	"precision": [
		0.036129821091890335,
		0.04548472911119461,
		0.0396583266556263,
		0.042144302278757095,
		0.03484654799103737
	],
	"recall": [
		0.21071428060531616,
		0.2424778789281845,
		0.21594683825969696,
		0.23629489541053772,
		0.20260223746299744
	],
	"auprc_mean": 0.03105567693710327,
	"auprc_std": 0.002060910886760991,
	"auroc_mean": 0.6643929004669189,
	"auroc_std": 0.012196659210619245,
	"f1_mean": 0.06725802943110466,
	"f1_std": 0.006283370780181981,
	"mcc_mean": 0.06147343069314957,
	"mcc_std": 0.00857066006834223,
	"precision_mean": 0.039652745425701144,
	"precision_std": 0.0038917977864407214,
	"recall_mean": 0.22160722613334655,
	"recall_std": 0.015252525196804086
}