{
	"auprc": [
		0.03269216790795326,
		0.028833569958806038,
		0.03181671351194382,
		0.030140213668346405,
		0.03732924535870552
	],
	"auroc": [
		0.6422466039657593,
		0.634987473487854,
		0.6290368437767029,
		0.6274561882019043,
		0.6619120836257935
	],
	"f1": [
		0.05493371561169624,
		0.04942300170660019,
		0.052777454257011414,
		0.0526210255920887,
		0.05618293583393097
	],
	"mcc": [
		0.05674675107002258,
		0.04901491105556488,
		0.05198638141155243,
		0.05302359536290169,
		0.06401655822992325
	],
	"precision": [
		0.029172463342547417,
		0.026159483939409256,
		0.027999835088849068,
		0.027935102581977844,
		0.02978396974503994
	],
	"recall": [
		0.4697895348072052,
		0.4464414119720459,
		0.4586160182952881,
		0.45241379737854004,
		0.49434229731559753
	],
	"auprc_mean": 0.032162382081151006,
	"auprc_std": 0.002907465946372379,
	"auroc_mean": 0.6391278386116028,
	"auroc_std": 0.012522353944870796,
	"f1_mean": 0.053187626600265506,
	"f1_std": 0.0023100815087248707,
	"mcc_mean": 0.054957639425992966,
	"mcc_std": 0.005160423460958424,
	"precision_mean": 0.028210170939564704,
	"precision_std": 0.001243227275521405,
	"recall_mean": 0.46432061195373536,
	"recall_std": 0.01688307509469279
}