{
	"auprc": [
		0.02763446420431137,
		0.033934369683265686,
		0.025352012366056442,
		0.028487050905823708,
		0.026328686624765396
	],
	"auroc": [
		0.6507937908172607,
		0.6740677952766418,
		0.6525993347167969,
		0.6565438508987427,
		0.6461230516433716
	],
	"f1": [
		0.0510324202477932,
		0.05801648646593094,
		0.04811196029186249,
		0.04900545999407768,
		0.0480877123773098
	],
	"mcc": [
		0.057935334742069244,
		0.06647874414920807,
		0.05420926585793495,
		0.05440596863627434,
		0.05179039388895035
	],
	"precision": [
		0.027290979400277138,
		0.031183863058686256,
		0.02567632682621479,
		0.026156267151236534,
		0.02570958435535431
	],
	"recall": [
		0.3923678994178772,
		0.4157848358154297,
		0.38119569420814514,
		0.3875930607318878,
		0.3711034059524536
	],
	"auprc_mean": 0.028347316756844522,
	"auprc_std": 0.0029929771399156194,
	"auroc_mean": 0.6560255646705627,
	"auroc_std": 0.009622483873295149,
	"f1_mean": 0.050850807875394824,
	"f1_std": 0.003739551425963176,
	"mcc_mean": 0.05696394145488739,
	"mcc_std": 0.005145330547835689,
	"precision_mean": 0.027203404158353806,
	"precision_std": 0.002074207375074852,
	"recall_mean": 0.3896089792251587,
	"recall_std": 0.014900272770420655
}